{
  "name": "angular-resource",
  "version": "1.5.5",
  "license": "MIT",
  "main": "./angular-resource.js",
  "ignore": [],
  "dependencies": {
    "angular": "1.5.5"
  },
  "homepage": "https://github.com/angular/bower-angular-resource",
  "_release": "1.5.5",
  "_resolution": {
    "type": "version",
    "tag": "v1.5.5",
    "commit": "e57951aeb5840f95bef1f4f419deef875bccefb6"
  },
  "_source": "https://github.com/angular/bower-angular-resource.git",
  "_target": "^1.5.2",
  "_originalSource": "angular-resource"
}