{
  "name": "ng-material-floating-button",
  "version": "0.6.2",
  "homepage": "https://github.com/nobitagit/ng-material-floating-button",
  "authors": [
    "Nobita"
  ],
  "description": "angular directive for material floating buttons",
  "main": [
    "src/mfb-directive.js",
    "mfb/dist/mfb.css",
    "mfb/src/mfb.scss"
  ],
  "keywords": [
    "angular",
    "directive",
    "material",
    "design",
    "floating",
    "button",
    "google",
    "inbox"
  ],
  "license": "MIT",
  "private": false,
  "ignore": [
    "**/.*",
    "**/*.html",
    "README.md",
    "package.json",
    "node_modules",
    "bower_components",
    "Gruntfile.js",
    "test",
    "tests"
  ],
  "dependencies": {
    "angular": "~1.3.6"
  },
  "_release": "0.6.2",
  "_resolution": {
    "type": "version",
    "tag": "v0.6.2",
    "commit": "dd61072d3af56894c439ca7144b50de7a85567fe"
  },
  "_source": "https://github.com/nobitagit/ng-material-floating-button.git",
  "_target": "^0.6.2",
  "_originalSource": "ng-mfb"
}